service_provider,No_Of_Request,No_Of_Resources,Request_Avg_completion_time,Month
"Delhi Hospital",100,5,40,1
"Delhi Police",500,30,20,2
"Delhi NGO",50,10,15,3
"Delhi Volunteer",200,4,40,4
"Noida Hospital",300,10,20,5
"Noida Polce",600,6,30,6
"Noida NGO",100,4,20,7
"Noida Volunteer",50,2,20,8
"Noida Hospital",500,15,30,9
"Gurgaon Polce",300,10,20,10
"Gurgaon NGO",150,5,30,11
"Gurgaon Volunteer",80,4,30,12
"Gurgaon Hospital",120,6,30,1
"Ghaziabad Polce",140,8,30,2
"Ghaziabad NGO",220,5,25,3
"Ghaziabad Volunteer",100,4,35,4
"Ghaziabad Hospital",200,5,35,5

